{
  "siteTitle": "Digivast - Premium Digital Marketplace",
  "siteDescription": "Your ultimate destination for premium digital products, from software to templates. Curated products from verified developers for your digital projects.",
  "sections": [
    {
      "type": "welcomeSection",
      "title": "Welcome to Digivast: Your Digital Marketplace",
      "description": "Discover premium digital products from trusted creators. From software to templates, digital assets to courses - find everything you need to power your digital projects.",
      "blogLinkText": "Read Our Latest Updates",
      "blogLink": "/blog"
    },
    {
      "type": "bannerSection",
      "headline": "Premium Digital Products at Your Fingertips",
      "description": "Browse our curated collection of high-quality digital products. Verified creators, secure purchases, instant downloads.",
      "backgroundImage": "/images/banner-bg.jpg",
      "button1Text": "Browse Products",
      "button1Link": "/products",
      "button2Text": "Sell on Digivast",
      "button2Link": "/become-seller"
    },
    {
      "type": "categoryGrid",
      "title": "Browse by Category",
      "description": "Find the perfect digital products for your needs",
      "categories": [
        {
          "id": "software",
          "name": "Software",
          "description": "Premium tools and applications",
          "image": "https://images.unsplash.com/photo-1498050108023-c5249f4df085?q=80&w=2672&auto=format&fit=crop&ixlib=rb-4.0.3&ixid=M3wxMjA3fDB8MHxwaG90by1wYWdlfHx8fGVufDB8fHx8fA%3D%3D",
          "link": "/collections/software"
        },
        {
          "id": "templates",
          "name": "Templates",
          "description": "Ready-to-use design resources",
          "image": "https://images.unsplash.com/photo-1623276527153-fa38c1616b05?q=80&w=2669&auto=format&fit=crop&ixlib=rb-4.0.3&ixid=M3wxMjA3fDB8MHxwaG90by1wYWdlfHx8fGVufDB8fHx8fA%3D%3D",
          "link": "/collections/templates"
        },
        {
          "id": "digital-assets",
          "name": "Digital Assets",
          "description": "Graphics, fonts, and media resources",
          "image": "https://plus.unsplash.com/premium_photo-1663047324456-edcf322077b0?q=80&w=2670&auto=format&fit=crop&ixlib=rb-4.0.3&ixid=M3wxMjA3fDB8MHxwaG90by1wYWdlfHx8fGVufDB8fHx8fA%3D%3D",
          "link": "/collections/digital-assets"
        }
      ]
    },
    {
      "type": "productShowcase",
      "title": "Trending Products",
      "description": "Most popular digital products this week",
      "viewAllLink": "/catalog",
      "products": [
        {
          "id": "software-1",
          "name": "Project Management Pro",
          "description": "Complete project management solution",
          "price": "99.99",
          "image": "/images/products/pm-software.jpg",
          "category": "Software"
        },
        {
          "id": "template-1",
          "name": "E-commerce Starter Kit",
          "description": "Complete online store template",
          "price": "59.99",
          "image": "/images/products/ecommerce-template.jpg",
          "category": "Templates"
        },
        {
          "id": "asset-1",
          "name": "Icon Master Collection",
          "description": "5000+ premium vector icons",
          "price": "39.99",
          "image": "/images/products/icon-pack.jpg",
          "category": "Digital Assets"
        },
        {
          "id": "software-2",
          "name": "SEO Toolkit Plus",
          "description": "Advanced SEO analysis suite",
          "price": "129.99",
          "image": "/images/products/seo-toolkit.jpg",
          "category": "Software"
        }
      ]
    },
    {
      "type": "featuredPostsSection",
      "title": "Digital Product Insights",
      "description": "Latest news, tutorials, and tips from the digital product world",
      "exploreMoreText": "View All Posts",
      "exploreMoreLink": "/blog"
    },
    {
      "type": "emailSignupSection",
      "title": "Join the Digivast Community",
      "description": "Get exclusive deals, new product alerts, and creator tips delivered to your inbox",
      "backgroundImage": "/images/newsletter-bg.jpg",
      "formAction": "/api/subscribe",
      "submitText": "Subscribe Now"
    }
  ]
}