{
  "en": {
    "title": "Common Questions",
    "categories": {
      "digital": {
        "title": "Digital Product FAQs",
        "questions": [
          {
            "q": "How do I download my purchase?",
            "a": "After purchase, you'll receive an email with download instructions. You can also access your downloads from your account dashboard."
          },
          {
            "q": "How long do I have access to updates?",
            "a": "You get lifetime access to all updates for this product. We regularly release improvements and new features."
          },
          {
            "q": "What if I need technical support?",
            "a": "We offer 6 months of technical support with your purchase. You can extend support through our support plans."
          }
        ]
      },
      "template": {
        "title": "Template FAQs",
        "questions": [
          {
            "q": "What's included in the template package?",
            "a": "You'll receive all source files, documentation, and demo content. Plus free updates and 6 months support."
          },
          {
            "q": "Do I need coding knowledge?",
            "a": "Basic HTML/CSS knowledge is helpful but not required. We provide detailed documentation for setup."
          },
          {
            "q": "Can I use this for client projects?",
            "a": "Yes, our standard license allows usage in both personal and client projects."
          }
        ]
      },
      "plugin": {
        "title": "Plugin FAQs",
        "questions": [
          {
            "q": "Is this compatible with the latest version?",
            "a": "Yes, we maintain regular updates to ensure compatibility with the latest platform versions."
          },
          {
            "q": "How do I install the plugin?",
            "a": "Installation is simple - just upload through your admin panel or follow our step-by-step guide."
          },
          {
            "q": "Can I use this on multiple sites?",
            "a": "This depends on your license type. Single-site licenses are for one installation, while developer licenses allow multiple sites."
          }
        ]
      },
      "script": {
        "title": "Script FAQs",
        "questions": [
          {
            "q": "What are the system requirements?",
            "a": "Requirements vary by script. Check the technical specifications tab for detailed requirements."
          },
          {
            "q": "Do you offer customization?",
            "a": "Yes, we can provide customization services. Contact our support team for a quote."
          },
          {
            "q": "Is documentation included?",
            "a": "Yes, comprehensive documentation is included with installation and usage instructions."
          }
        ]
      },
      "jacket": {
        "title": "Jacket FAQs",
        "questions": [
          {
            "q": "How does this jacket fit?",
            "a": "The jacket follows a regular fit design that's true to size. We recommend selecting your usual size for a comfortable fit."
          },
          {
            "q": "Is this jacket machine washable?",
            "a": "Yes, this jacket is machine washable. Use cold water and tumble dry on low for best results."
          },
          {
            "q": "What's the best way to care for this jacket?",
            "a": "For optimal longevity, wash in cold water, avoid bleach, and tumble dry on low heat. Remove promptly and hang to prevent wrinkles."
          }
        ]
      },
      "shoes": {
        "title": "Footwear FAQs",
        "questions": [
          {
            "q": "How do these shoes fit?",
            "a": "Our shoes typically run true to size. For the best fit, we recommend measuring your feet and checking our size chart."
          },
          {
            "q": "Are these shoes waterproof?",
            "a": "While these shoes are water-resistant, they are not fully waterproof. They will protect against light rain and splashes."
          },
          {
            "q": "How do I clean these shoes?",
            "a": "Clean with a damp cloth and mild soap. Air dry at room temperature, away from direct heat or sunlight."
          }
        ]
      },
      "helmet": {
        "title": "Helmet FAQs",
        "questions": [
          {
            "q": "How do I measure for the right helmet size?",
            "a": "Measure the circumference of your head about one inch above your eyebrows. Use our size chart to find your perfect fit."
          },
          {
            "q": "How often should I replace my helmet?",
            "a": "Replace your helmet every 3-5 years, or immediately after any impact, even if no damage is visible."
          }
        ]
      },
      "gloves": {
        "title": "Gloves FAQs",
        "questions": [
          {
            "q": "Are these gloves touchscreen compatible?",
            "a": "Yes, these gloves feature touchscreen-compatible fingertips for use with smartphones and other devices."
          },
          {
            "q": "How should I care for these gloves?",
            "a": "Hand wash in cold water with mild detergent. Air dry naturally away from direct heat."
          }
        ]
      }
    }
  },
  "fr": {
    "title": "Questions Fréquentes",
    "categories": {
      "digital": {
        "title": "FAQ Produits Numériques",
        "questions": [
          {
            "q": "Comment télécharger mon achat ?",
            "a": "Après l'achat, vous recevrez un email avec les instructions de téléchargement. Vous pouvez également accéder à vos téléchargements depuis votre tableau de bord."
          },
          {
            "q": "Combien de temps ai-je accès aux mises à jour ?",
            "a": "Vous bénéficiez d'un accès à vie à toutes les mises à jour de ce produit."
          },
          {
            "q": "Que faire si j'ai besoin d'assistance technique ?",
            "a": "Nous offrons 6 mois de support technique avec votre achat. Vous pouvez prolonger le support via nos plans d'assistance."
          }
        ]
      }
    }
  },
  "de": {
    "title": "Häufige Fragen",
    "categories": {
      "jacket": {
        "title": "Jacken FAQ",
        "questions": [
          {
            "q": "Wie fällt diese Jacke aus?",
            "a": "Die Jacke hat eine reguläre Passform, die größengetreu ausfällt. Wir empfehlen Ihre übliche Größe für eine bequeme Passform."
          },
          {
            "q": "Ist diese Jacke maschinenwaschbar?",
            "a": "Ja, diese Jacke ist maschinenwaschbar. Verwenden Sie kaltes Wasser und trocknen Sie bei niedriger Temperatur."
          }
        ]
      }
    }
  }
} 