{
  "en": {
    "title": "Key Features",
    "categories": {
      "digital": {
        "features": [
          "Instant digital delivery",
          "Lifetime updates",
          "Technical documentation",
          "Premium support",
          "Easy integration",
          "Regular maintenance"
        ]
      },
      "template": {
        "features": [
          "Responsive design",
          "Cross-browser compatible",
          "SEO optimized",
          "Clean code structure",
          "Easy customization",
          "Modern UI/UX"
        ]
      },
      "plugin": {
        "features": [
          "Easy installation",
          "Regular updates",
          "Performance optimized",
          "Security focused",
          "API integration",
          "Extensive documentation"
        ]
      },
      "script": {
        "features": [
          "Optimized performance",
          "Well-documented code",
          "Easy customization",
          "Cross-platform support",
          "Regular updates",
          "Technical support"
        ]
      },
      "jacket": {
        "features": [
          "Premium quality materials",
          "Comfortable classic fit",
          "Kangaroo-style pocket",
          "Adjustable hood",
          "Ribbed cuffs",
          "Durable stitching"
        ]
      },
      "shoes": {
        "features": [
          "Premium leather upper",
          "Cushioned insole",
          "Anti-slip rubber sole",
          "Breathable design",
          "Reinforced heel",
          "Water-resistant"
        ]
      }
    }
  },
  "fr": {
    "title": "Caractéristiques Principales",
    "categories": {
      "digital": {
        "features": [
          "Livraison numérique instantanée",
          "Mises à jour à vie",
          "Documentation technique",
          "Support premium",
          "Intégration facile",
          "Maintenance régulière"
        ]
      },
      "template": {
        "features": [
          "Design responsive",
          "Compatible multi-navigateurs",
          "Optimisé SEO",
          "Structure de code propre",
          "Personnalisation facile",
          "UI/UX moderne"
        ]
      },
      "jacket": {
        "features": [
          "Matériaux de qualité premium",
          "Coupe classique confortable",
          "Poche kangourou",
          "Capuche ajustable",
          "Poignets côtelés",
          "Coutures durables"
        ]
      },
      "shoes": {
        "features": [
          "Dessus en cuir premium",
          "Semelle intérieure rembourrée",
          "Semelle antidérapante",
          "Design respirant",
          "Talon renforcé",
          "Résistant à l'eau"
        ]
      }
    }
  },
  "de": {
    "title": "Hauptmerkmale",
    "categories": {
      "jacket": {
        "features": [
          "Premium-Qualitätsmaterialien",
          "Komfortable klassische Passform",
          "Känguru-Tasche",
          "Verstellbare Kapuze",
          "Gerippte Bündchen",
          "Strapazierfähige Nähte"
        ]
      }
    }
  }
} 