{
  "en": {
    "title": "Customer Reviews",
    "verifiedPurchase": "Verified Purchase",
    "monthsAgo": "month ago",
    "monthsAgoPlural": "months ago",
    "ratingLabel": "Rated {rating} out of 5 stars",
    "reviews": [
      {
        "name": "Sarah M.",
        "rating": 5,
        "date": "1",
        "verified": true,
        "comment": "Great product! The quality is excellent and it fits perfectly. The material is comfortable and the design is exactly as shown in the pictures. Would definitely recommend!"
      },
      {
        "name": "Michael R.",
        "rating": 4,
        "date": "2",
        "verified": true,
        "comment": "Very satisfied with this purchase. Good quality material and comfortable fit. Shipping was fast and the product matches the description perfectly."
      },
      {
        "name": "David K.",
        "rating": 5,
        "date": "3",
        "verified": true,
        "comment": "Exceeded my expectations! The fit is perfect and the quality is outstanding. Will definitely buy more from this brand."
      }
    ]
  },
  "fr": {
    "title": "Avis Clients",
    "verifiedPurchase": "Achat Vérifié",
    "monthsAgo": "mois",
    "monthsAgoPlural": "mois",
    "ratingLabel": "Noté {rating} sur 5 étoiles",
    "reviews": [
      {
        "name": "Sophie M.",
        "rating": 5,
        "date": "1",
        "verified": true,
        "comment": "Excellent produit ! La qualité est exceptionnelle et la taille est parfaite. Le matériau est confortable et le design est exactement comme sur les photos. Je recommande vivement !"
      },
      {
        "name": "Michel R.",
        "rating": 4,
        "date": "2",
        "verified": true,
        "comment": "Très satisfait de cet achat. Matériau de bonne qualité et ajustement confortable. Livraison rapide et produit conforme à la description."
      },
      {
        "name": "David K.",
        "rating": 5,
        "date": "3",
        "verified": true,
        "comment": "Au-delà de mes attentes ! L'ajustement est parfait et la qualité est exceptionnelle. J'achèterai certainement d'autres produits de cette marque."
      }
    ]
  },
  "de": {
    "title": "Kundenbewertungen",
    "verifiedPurchase": "Verifizierter Kauf",
    "monthsAgo": "Monat",
    "monthsAgoPlural": "Monate",
    "ratingLabel": "Bewertet mit {rating} von 5 Sternen",
    "reviews": [
      {
        "name": "Sarah M.",
        "rating": 5,
        "date": "1",
        "verified": true,
        "comment": "Tolles Produkt! Die Qualität ist ausgezeichnet und die Passform perfekt. Das Material ist angenehm und das Design entspricht genau den Bildern. Sehr empfehlenswert!"
      }
    ]
  }
} 